{
    "/training/ravi/Training": {
        "Weather-on-Terminal-master.zip": [
            "Tue Nov 17 22:25:42 2015", 
            1482
        ], 
        "161.jpg": [
            "Wed May 15 18:36:20 2013", 
            215896
        ], 
        "python-content-2days.pdf": [
            "Tue Jul  9 15:43:59 2013", 
            24674
        ], 
        "python-materials.zip": [
            "Wed Jun  5 13:41:42 2013", 
            8568713
        ], 
        "harman.zip": [
            "Thu Nov 27 15:47:53 2014", 
            1324313
        ], 
        "Advacned-Perl-content-3-days.pdf": [
            "Fri Aug 21 05:15:02 2015", 
            70494
        ], 
        "hello.tcl": [
            "Wed Jun 12 13:58:27 2013", 
            910
        ], 
        "pass": [
            "Wed May 11 16:28:45 2016", 
            10
        ], 
        "J_ravi_profile_as.doc": [
            "Wed Jun 26 20:00:59 2013", 
            84480
        ], 
        "content.xml": [
            "Wed Apr  9 14:32:28 2014", 
            2664
        ], 
        "img.wish": [
            "Wed Jun 12 13:54:56 2013", 
            625
        ], 
        "J_ravi_profile.doc": [
            "Tue May 24 07:26:08 2016", 
            69120
        ], 
        "perl-post-training-assessment-paper.pdf": [
            "Thu Apr  4 21:40:02 2013", 
            41610
        ], 
        "Web Application Development using PHP5-Joomla-5-days.txt~": [
            "Tue Apr 30 13:31:30 2013", 
            12852
        ], 
        "J_ravi_profile_2013.pdf": [
            "Fri Dec  6 20:46:02 2013", 
            84911
        ], 
        "Python_QuickReference.pdf": [
            "Sat Jul 13 09:48:16 2013", 
            147479
        ], 
        "J_ravi_profile.pdf": [
            "Thu Mar 27 20:47:20 2014", 
            85180
        ], 
        "Perl-Automation-3-days.txt": [
            "Fri Feb 14 20:50:26 2014", 
            6286
        ], 
        "J_ravi_profile_photo.doc": [
            "Mon Aug  4 22:01:18 2014", 
            280576
        ], 
        "require.txt": [
            "Thu Oct 24 15:14:57 2013", 
            203
        ], 
        "test.py": [
            "Wed Feb  4 18:18:46 2015", 
            55
        ], 
        "nodejs.call": [
            "Tue Apr 23 14:11:59 2013", 
            200
        ], 
        "testdisk.log": [
            "Mon Aug  5 10:10:21 2013", 
            5438
        ], 
        "PythonCheatSheet.pdf": [
            "Sat Jul 13 09:37:41 2013", 
            73544
        ], 
        "timthumb.jpg": [
            "Wed May 15 11:25:53 2013", 
            116390
        ], 
        "decimal.dat": [
            "Sat Nov 14 15:21:38 2015", 
            56
        ], 
        "J_ravi_profile_rcl_trainer.pdf": [
            "Wed Jun 26 20:01:12 2013", 
            96521
        ], 
        "Calendar Print Preview.pdf": [
            "Tue Jul 30 00:47:55 2013", 
            6441
        ], 
        "codes.zip": [
            "Sat Oct  5 16:12:29 2013", 
            364197
        ], 
        "child.sh": [
            "Fri Apr 17 08:54:20 2015", 
            66
        ], 
        "require.txt~": [
            "Thu Oct 24 14:13:34 2013", 
            203
        ], 
        "penind_invoice.pdf": [
            "Thu Nov 14 12:21:12 2013", 
            52497
        ], 
        "postgres_architecture.doc": [
            "Wed Oct  2 19:48:34 2013", 
            71168
        ], 
        "Web Application Development using PHP5-Joomla-5-days.txt": [
            "Tue Apr 30 13:32:37 2013", 
            12861
        ], 
        "data": [
            "Wed Jun 12 16:21:36 2013", 
            36
        ], 
        "README.md": [
            "Thu Jul 21 21:49:32 2016", 
            0
        ], 
        "socket-programming-in-python-1201718479603606-4.pdf": [
            "Tue Apr 30 12:46:52 2013", 
            83388
        ], 
        "myfile": [
            "Mon Oct 21 14:29:15 2013", 
            18
        ], 
        "hosts": [
            "Mon Aug  3 09:22:41 2015", 
            106
        ], 
        "batchrename.pl": [
            "Thu Dec 19 08:46:17 2013", 
            997
        ], 
        "z": [
            "Wed May 11 16:30:52 2016", 
            1005953024
        ], 
        "Ruby.exec": [
            "Sat May 10 14:20:46 2014", 
            1511
        ], 
        "convert.pl": [
            "Mon Nov 18 17:01:45 2013", 
            241
        ]
    }, 
    "/home/ravi/rootcap": {
        "rootcap.gnucash.20160823225436.gnucash": [
            "Tue Aug 23 22:49:32 2016", 
            43262
        ], 
        "rootcap.gnucash.20160823224932.log": [
            "Tue Aug 23 22:49:37 2016", 
            1817
        ], 
        "rootcap.gnucash.20160907221610.log": [
            "Wed Sep  7 22:30:02 2016", 
            15764
        ], 
        "rootcap.gnucash.20160907220036.gnucash": [
            "Wed Sep  7 21:55:16 2016", 
            44893
        ], 
        "rootcap.gnucash.20160907221610.gnucash": [
            "Wed Sep  7 22:15:22 2016", 
            44931
        ], 
        "rootcap.gnucash.20160823224851.log": [
            "Tue Aug 23 22:49:13 2016", 
            3582
        ], 
        "rootcap.gnucash.LCK": [
            "Tue Aug 30 15:12:48 2016", 
            0
        ], 
        "rootcap.gnucash": [
            "Sun Sep 18 22:39:18 2016", 
            45479
        ], 
        "rootcap.gnucash.ffffffffff0a4fc0.16808.LNK": [
            "Tue Aug 30 15:12:48 2016", 
            0
        ], 
        "rootcap.gnucash.20160918223821.gnucash": [
            "Wed Sep  7 22:58:46 2016", 
            45503
        ], 
        "rootcap.gnucash.20160907221608.log": [
            "Wed Sep  7 22:16:08 2016", 
            1727
        ], 
        "rootcap.gnucash.20160918223918.gnucash": [
            "Sun Sep 18 22:38:21 2016", 
            45119
        ], 
        "rootcap.gnucash.20160907224604.log": [
            "Wed Sep  7 22:58:46 2016", 
            170
        ], 
        "rootcap.gnucash.20160823224932.gnucash": [
            "Tue Aug 23 09:13:58 2016", 
            43168
        ], 
        "rootcap.gnucash.20160830151801.gnucash": [
            "Tue Aug 23 22:54:36 2016", 
            43555
        ], 
        "rootcap.gnucash.20160830152658.log": [
            "Tue Aug 30 15:26:58 2016", 
            0
        ], 
        "rootcap.gnucash.20160907223046.log": [
            "Wed Sep  7 22:46:04 2016", 
            170
        ], 
        "rootcap.gnucash.20160830152658.gnucash": [
            "Tue Aug 30 15:24:37 2016", 
            44497
        ], 
        "rootcap.gnucash.20160830152436.gnucash": [
            "Tue Aug 30 15:18:02 2016", 
            44102
        ], 
        "rootcap.gnucash.20160830152437.log": [
            "Tue Aug 30 15:26:58 2016", 
            170
        ], 
        "rootcap.gnucash.20160907215516.gnucash": [
            "Tue Aug 30 15:26:58 2016", 
            44854
        ], 
        "rootcap.gnucash.20160830151802.log": [
            "Tue Aug 30 15:21:34 2016", 
            1747
        ], 
        "rootcap.gnucash.20160907223046.gnucash": [
            "Wed Sep  7 22:16:10 2016", 
            45341
        ], 
        "rootcap.gnucash.20160918223821.log": [
            "Sun Sep 18 22:38:24 2016", 
            1724
        ], 
        "rootcap.gnucash.20160830151535.log": [
            "Tue Aug 30 15:15:35 2016", 
            1724
        ], 
        "rootcap.gnucash.20160823225436.log": [
            "Wed Aug 24 08:46:53 2016", 
            170
        ], 
        "rootcap.gnucash.20160918223918.log": [
            "Sun Sep 18 22:39:18 2016", 
            0
        ], 
        "rootcap.gnucash.20160907225846.gnucash": [
            "Wed Sep  7 22:46:04 2016", 
            45473
        ], 
        "rootcap.gnucash.20160907224604.gnucash": [
            "Wed Sep  7 22:30:46 2016", 
            45415
        ], 
        "rootcap.gnucash.20160907225846.log": [
            "Wed Sep  7 22:58:46 2016", 
            0
        ], 
        "rootcap.gnucash.20160918223811.log": [
            "Sun Sep 18 22:38:11 2016", 
            6298
        ], 
        "rootcap.gnucash.20160907221521.gnucash": [
            "Wed Sep  7 22:00:36 2016", 
            44894
        ]
    }
}